{
  "model": "google/medgemma-27b-text-it",
  "dataset": "pubhealth",
  "split": "test",
  "elapsed_sec": 1289.8715378339984,
  "sample_count": 966,
  "valid_count": 966,
  "coverage": 1.0,
  "timestamp_utc": "2026-03-02T02:56:22.934272+00:00",
  "accuracy": 0.5165631469979296,
  "macro_f1": 0.5154361357209652,
  "confusion_matrix": [
    [
      241,
      23,
      228
    ],
    [
      19,
      146,
      144
    ],
    [
      35,
      18,
      112
    ]
  ],
  "classification_report": {
    "true": {
      "precision": 0.8169491525423729,
      "recall": 0.4898373983739837,
      "f1-score": 0.6124523506988564,
      "support": 492.0
    },
    "false": {
      "precision": 0.7807486631016043,
      "recall": 0.47249190938511326,
      "f1-score": 0.5887096774193549,
      "support": 309.0
    },
    "mixture": {
      "precision": 0.23140495867768596,
      "recall": 0.6787878787878788,
      "f1-score": 0.34514637904468415,
      "support": 165.0
    },
    "accuracy": 0.5165631469979296,
    "macro avg": {
      "precision": 0.6097009247738877,
      "recall": 0.5470390621823252,
      "f1-score": 0.5154361357209652,
      "support": 966.0
    },
    "weighted avg": {
      "precision": 0.7053541802598978,
      "recall": 0.5165631469979296,
      "f1-score": 0.5591997923486449,
      "support": 966.0
    }
  }
}