{
  "model": "google/gemma-3-12b-it",
  "dataset": "intel",
  "split": "test",
  "elapsed_sec": 66.81642491699313,
  "sample_count": 50,
  "valid_count": 50,
  "coverage": 1.0,
  "timestamp_utc": "2026-03-01T03:17:36.440623+00:00",
  "accuracy": 0.7,
  "macro_f1": 0.6950757575757575,
  "confusion_matrix": [
    [
      17,
      1,
      1
    ],
    [
      0,
      9,
      0
    ],
    [
      8,
      5,
      9
    ]
  ],
  "classification_report": {
    "true": {
      "precision": 0.68,
      "recall": 0.8947368421052632,
      "f1-score": 0.7727272727272727,
      "support": 19.0
    },
    "false": {
      "precision": 0.6,
      "recall": 1.0,
      "f1-score": 0.75,
      "support": 9.0
    },
    "mixture": {
      "precision": 0.9,
      "recall": 0.4090909090909091,
      "f1-score": 0.5625,
      "support": 22.0
    },
    "accuracy": 0.7,
    "macro avg": {
      "precision": 0.7266666666666667,
      "recall": 0.7679425837320575,
      "f1-score": 0.6950757575757575,
      "support": 50.0
    },
    "weighted avg": {
      "precision": 0.7624000000000001,
      "recall": 0.7,
      "f1-score": 0.6761363636363636,
      "support": 50.0
    }
  }
}