{
  "model": "meta-llama/Llama-3.1-8B-Instruct",
  "dataset": "intel",
  "split": "test",
  "elapsed_sec": 999.9480533750029,
  "sample_count": 1000,
  "valid_count": 1000,
  "coverage": 1.0,
  "timestamp_utc": "2026-03-02T00:42:42.411918+00:00",
  "accuracy": 0.596,
  "macro_f1": 0.6076660511359063,
  "confusion_matrix": [
    [
      184,
      16,
      55
    ],
    [
      2,
      183,
      26
    ],
    [
      190,
      115,
      229
    ]
  ],
  "classification_report": {
    "true": {
      "precision": 0.48936170212765956,
      "recall": 0.7215686274509804,
      "f1-score": 0.5832012678288431,
      "support": 255.0
    },
    "false": {
      "precision": 0.5828025477707006,
      "recall": 0.8672985781990521,
      "f1-score": 0.6971428571428572,
      "support": 211.0
    },
    "mixture": {
      "precision": 0.7387096774193549,
      "recall": 0.4288389513108614,
      "f1-score": 0.542654028436019,
      "support": 534.0
    },
    "accuracy": 0.596,
    "macro avg": {
      "precision": 0.6036246424392383,
      "recall": 0.6725687189869647,
      "f1-score": 0.6076660511359063,
      "support": 1000.0
    },
    "weighted avg": {
      "precision": 0.6422295393641065,
      "recall": 0.596,
      "f1-score": 0.5855907173383321,
      "support": 1000.0
    }
  }
}