{
  "model": "google/gemma-3-12b-it",
  "dataset": "pubhealth",
  "split": "test",
  "elapsed_sec": 1444.1093717500044,
  "sample_count": 1186,
  "valid_count": 1186,
  "coverage": 1.0,
  "timestamp_utc": "2026-02-28T09:37:49.373802+00:00",
  "accuracy": 0.6096121416526138,
  "macro_f1": 0.5431592756288273,
  "confusion_matrix": [
    [
      428,
      66,
      105
    ],
    [
      69,
      232,
      85
    ],
    [
      74,
      64,
      63
    ]
  ],
  "classification_report": {
    "true": {
      "precision": 0.7495621716287215,
      "recall": 0.7145242070116862,
      "f1-score": 0.7316239316239316,
      "support": 599.0
    },
    "false": {
      "precision": 0.6408839779005525,
      "recall": 0.6010362694300518,
      "f1-score": 0.6203208556149733,
      "support": 386.0
    },
    "mixture": {
      "precision": 0.2490118577075099,
      "recall": 0.31343283582089554,
      "f1-score": 0.2775330396475771,
      "support": 201.0
    },
    "accuracy": 0.6096121416526138,
    "macro avg": {
      "precision": 0.5464860024122613,
      "recall": 0.5429977707542112,
      "f1-score": 0.5431592756288273,
      "support": 1186.0
    },
    "weighted avg": {
      "precision": 0.6293594769598878,
      "recall": 0.6096121416526138,
      "f1-score": 0.6184407472843826,
      "support": 1186.0
    }
  }
}