{
  "model": "meta-llama/Llama-3.1-8B-Instruct",
  "dataset": "pubhealth",
  "split": "test",
  "elapsed_sec": 59.07047591698938,
  "sample_count": 49,
  "valid_count": 49,
  "coverage": 1.0,
  "timestamp_utc": "2026-03-01T03:30:22.737288+00:00",
  "accuracy": 0.4897959183673469,
  "macro_f1": 0.4357142857142857,
  "confusion_matrix": [
    [
      14,
      10,
      1
    ],
    [
      4,
      8,
      2
    ],
    [
      5,
      3,
      2
    ]
  ],
  "classification_report": {
    "true": {
      "precision": 0.6086956521739131,
      "recall": 0.56,
      "f1-score": 0.5833333333333334,
      "support": 25.0
    },
    "false": {
      "precision": 0.38095238095238093,
      "recall": 0.5714285714285714,
      "f1-score": 0.45714285714285713,
      "support": 14.0
    },
    "mixture": {
      "precision": 0.4,
      "recall": 0.2,
      "f1-score": 0.26666666666666666,
      "support": 10.0
    },
    "accuracy": 0.4897959183673469,
    "macro avg": {
      "precision": 0.463216011042098,
      "recall": 0.4438095238095238,
      "f1-score": 0.4357142857142857,
      "support": 49.0
    },
    "weighted avg": {
      "precision": 0.5010351966873706,
      "recall": 0.4897959183673469,
      "f1-score": 0.48265306122448987,
      "support": 49.0
    }
  }
}