{
  "model": "google/gemma-3-12b-it",
  "dataset": "pubhealth",
  "split": "test",
  "elapsed_sec": 56.96871808299329,
  "sample_count": 49,
  "valid_count": 49,
  "coverage": 1.0,
  "timestamp_utc": "2026-03-01T03:56:10.914234+00:00",
  "accuracy": 0.6326530612244898,
  "macro_f1": 0.5965608465608466,
  "confusion_matrix": [
    [
      19,
      2,
      4
    ],
    [
      6,
      8,
      0
    ],
    [
      6,
      0,
      4
    ]
  ],
  "classification_report": {
    "true": {
      "precision": 0.6129032258064516,
      "recall": 0.76,
      "f1-score": 0.6785714285714286,
      "support": 25.0
    },
    "false": {
      "precision": 0.8,
      "recall": 0.5714285714285714,
      "f1-score": 0.6666666666666666,
      "support": 14.0
    },
    "mixture": {
      "precision": 0.5,
      "recall": 0.4,
      "f1-score": 0.4444444444444444,
      "support": 10.0
    },
    "accuracy": 0.6326530612244898,
    "macro avg": {
      "precision": 0.6376344086021506,
      "recall": 0.5771428571428571,
      "f1-score": 0.5965608465608466,
      "support": 49.0
    },
    "weighted avg": {
      "precision": 0.6433179723502305,
      "recall": 0.6326530612244898,
      "f1-score": 0.6273890508584387,
      "support": 49.0
    }
  }
}