{
  "model": "google/medgemma-4b-it",
  "dataset": "pubhealth",
  "split": "test",
  "elapsed_sec": 207.22405445799814,
  "sample_count": 49,
  "valid_count": 49,
  "coverage": 1.0,
  "timestamp_utc": "2026-03-01T03:28:29.136735+00:00",
  "accuracy": 0.673469387755102,
  "macro_f1": 0.5833333333333334,
  "confusion_matrix": [
    [
      21,
      2,
      2
    ],
    [
      4,
      10,
      0
    ],
    [
      6,
      2,
      2
    ]
  ],
  "classification_report": {
    "true": {
      "precision": 0.6774193548387096,
      "recall": 0.84,
      "f1-score": 0.75,
      "support": 25.0
    },
    "false": {
      "precision": 0.7142857142857143,
      "recall": 0.7142857142857143,
      "f1-score": 0.7142857142857143,
      "support": 14.0
    },
    "mixture": {
      "precision": 0.5,
      "recall": 0.2,
      "f1-score": 0.2857142857142857,
      "support": 10.0
    },
    "accuracy": 0.673469387755102,
    "macro avg": {
      "precision": 0.630568356374808,
      "recall": 0.5847619047619047,
      "f1-score": 0.5833333333333334,
      "support": 49.0
    },
    "weighted avg": {
      "precision": 0.65174456879526,
      "recall": 0.673469387755102,
      "f1-score": 0.6450437317784257,
      "support": 49.0
    }
  }
}