{
  "model": "gemini-3-flash-preview",
  "dataset": "intel",
  "split": "test",
  "elapsed_sec": 37526.724719166,
  "sample_count": 8379,
  "valid_count": 8187,
  "coverage": 0.9770855710705335,
  "timestamp_utc": "2026-03-01T19:15:16.339158+00:00",
  "accuracy": 0.5740808598998413,
  "macro_f1": 0.5881500182319501,
  "confusion_matrix": [
    [
      1672,
      136,
      302
    ],
    [
      44,
      1543,
      246
    ],
    [
      1921,
      838,
      1485
    ]
  ],
  "classification_report": {
    "true": {
      "precision": 0.4597195490789112,
      "recall": 0.7924170616113744,
      "f1-score": 0.5818688011136245,
      "support": 2110.0
    },
    "false": {
      "precision": 0.6130313865713151,
      "recall": 0.8417894162575014,
      "f1-score": 0.7094252873563218,
      "support": 1833.0
    },
    "mixture": {
      "precision": 0.7304476143630103,
      "recall": 0.3499057492931197,
      "f1-score": 0.4731559662259041,
      "support": 4244.0
    },
    "accuracy": 0.5740808598998413,
    "macro avg": {
      "precision": 0.6010661833377455,
      "recall": 0.6613707423873318,
      "f1-score": 0.5881500182319501,
      "support": 8187.0
    },
    "weighted avg": {
      "precision": 0.6343855448269621,
      "recall": 0.5740808598998413,
      "f1-score": 0.5540727547009433,
      "support": 8187.0
    }
  }
}