{
  "model": "gemini-3-flash-preview",
  "dataset": "pubhealth",
  "split": "test",
  "elapsed_sec": 3222.7807285829913,
  "sample_count": 1186,
  "valid_count": 35,
  "coverage": 0.02951096121416526,
  "timestamp_utc": "2026-03-01T20:08:59.175428+00:00",
  "accuracy": 0.6285714285714286,
  "macro_f1": 0.52,
  "confusion_matrix": [
    [
      14,
      0,
      0
    ],
    [
      5,
      7,
      2
    ],
    [
      2,
      4,
      1
    ]
  ],
  "classification_report": {
    "true": {
      "precision": 0.6666666666666666,
      "recall": 1.0,
      "f1-score": 0.8,
      "support": 14.0
    },
    "false": {
      "precision": 0.6363636363636364,
      "recall": 0.5,
      "f1-score": 0.56,
      "support": 14.0
    },
    "mixture": {
      "precision": 0.3333333333333333,
      "recall": 0.14285714285714285,
      "f1-score": 0.2,
      "support": 7.0
    },
    "accuracy": 0.6285714285714286,
    "macro avg": {
      "precision": 0.5454545454545454,
      "recall": 0.5476190476190476,
      "f1-score": 0.52,
      "support": 35.0
    },
    "weighted avg": {
      "precision": 0.5878787878787879,
      "recall": 0.6285714285714286,
      "f1-score": 0.5840000000000001,
      "support": 35.0
    }
  }
}